{"cameraMode":{"drawMode":0,"name":"Shaded","section":"Shading Mode"},"sceneLighting":true,"audioPlay":false,"sceneViewState":{"showFog":true,"showMaterialUpdate":true,"showSkybox":true,"showFlares":true,"showImageEffects":true,"showParticleSystems":true},"in2DMode":false,"pivot":{"x":-3.4596128463745119,"y":-0.3537416458129883,"z":3.9678525924682619},"rotation":{"x":-0.12347602099180222,"y":0.8732943534851074,"z":-0.29067039489746096,"w":-0.3709735572338104},"size":22.0,"orthographic":false}